[
  {
    "id": "6df44d27-f3ca-47bc-9133-4f130bfbfd93",
    "data": [
      {
        "text": "Bro",
        "meta": "@sys.music-artist",
        "alias": "music-artist",
        "userDefined": false
      }
    ],
    "isTemplate": false,
    "count": 0,
    "lang": "es",
    "updated": 0
  },
  {
    "id": "ab0bf533-f203-46ec-bc3f-9cbade368f37",
    "data": [
      {
        "text": "Necesito ayuda",
        "userDefined": false
      }
    ],
    "isTemplate": false,
    "count": 0,
    "lang": "es",
    "updated": 0
  },
  {
    "id": "acefe5bc-6d7b-4946-9bdb-b9195a6fad51",
    "data": [
      {
        "text": "¿Qué tal?",
        "userDefined": false
      }
    ],
    "isTemplate": false,
    "count": 0,
    "lang": "es",
    "updated": 0
  },
  {
    "id": "db4c2571-ac5a-49eb-84af-2d11058a4277",
    "data": [
      {
        "text": "Buenos",
        "meta": "@sys.geo-city",
        "alias": "geo-city",
        "userDefined": false
      },
      {
        "text": " días",
        "userDefined": false
      }
    ],
    "isTemplate": false,
    "count": 0,
    "lang": "es",
    "updated": 0
  },
  {
    "id": "8d50f721-57b1-4b83-bc1a-07d06b1cb6c2",
    "data": [
      {
        "text": "¡Hola!",
        "userDefined": false
      }
    ],
    "isTemplate": false,
    "count": 0,
    "lang": "es",
    "updated": 0
  },
  {
    "id": "bbda32c6-1b64-4469-a2da-f274707284a1",
    "data": [
      {
        "text": "hola",
        "userDefined": false
      }
    ],
    "isTemplate": false,
    "count": 0,
    "lang": "es",
    "updated": 0
  },
  {
    "id": "828f5a84-94c2-4dbf-9027-e438cbded299",
    "data": [
      {
        "text": "hey",
        "userDefined": false
      }
    ],
    "isTemplate": false,
    "count": 0,
    "lang": "es",
    "updated": 0
  },
  {
    "id": "b96d26e4-b582-41ce-83d0-b1fc232c2c95",
    "data": [
      {
        "text": "saludos",
        "userDefined": false
      }
    ],
    "isTemplate": false,
    "count": 0,
    "lang": "es",
    "updated": 0
  },
  {
    "id": "4a31d584-9aee-4079-b297-413d59c6f64c",
    "data": [
      {
        "text": "hey ho",
        "userDefined": false
      }
    ],
    "isTemplate": false,
    "count": 0,
    "lang": "es",
    "updated": 0
  },
  {
    "id": "b805c871-4a84-4d3f-a3d7-6d230254a6ee",
    "data": [
      {
        "text": "chao",
        "userDefined": false
      }
    ],
    "isTemplate": false,
    "count": 0,
    "lang": "es",
    "updated": 0
  }
]