[
  {
    "id": "aaf49e16-3332-4eb5-9f1e-9084e5bdbd15",
    "data": [
      {
        "text": "2",
        "userDefined": false
      }
    ],
    "isTemplate": false,
    "count": 0,
    "lang": "es",
    "updated": 0
  },
  {
    "id": "b80823b5-8551-4558-ad61-a7dc9fce909c",
    "data": [
      {
        "text": "Quiero información de los menús",
        "userDefined": false
      }
    ],
    "isTemplate": false,
    "count": 0,
    "lang": "es",
    "updated": 0
  },
  {
    "id": "42d4dacf-1591-487a-80fa-7ba8fdfc51e1",
    "data": [
      {
        "text": "Qué opciones de ",
        "userDefined": false
      },
      {
        "text": "cena",
        "meta": "@sys.location",
        "alias": "location",
        "userDefined": false
      },
      {
        "text": " hay",
        "userDefined": false
      }
    ],
    "isTemplate": false,
    "count": 0,
    "lang": "es",
    "updated": 0
  },
  {
    "id": "1b857935-400f-4507-8f09-c43a86fec5eb",
    "data": [
      {
        "text": "Que hay pa comer",
        "meta": "@sys.location",
        "alias": "location",
        "userDefined": false
      }
    ],
    "isTemplate": false,
    "count": 0,
    "lang": "es",
    "updated": 0
  },
  {
    "id": "5ec8629d-b854-4b8a-bda6-2534bfae37eb",
    "data": [
      {
        "text": "Dime",
        "meta": "@sys.geo-city-gb",
        "alias": "geo-city-gb",
        "userDefined": true
      },
      {
        "text": " los menús",
        "userDefined": false
      }
    ],
    "isTemplate": false,
    "count": 0,
    "lang": "es",
    "updated": 0
  },
  {
    "id": "eabca84e-398b-4f08-a866-5823842a714c",
    "data": [
      {
        "text": "Opciones de ",
        "userDefined": false
      },
      {
        "text": "comida",
        "meta": "@sys.location",
        "alias": "location",
        "userDefined": false
      }
    ],
    "isTemplate": false,
    "count": 0,
    "lang": "es",
    "updated": 0
  },
  {
    "id": "4579ab5d-e919-4e5e-aa79-7de286840cd2",
    "data": [
      {
        "text": "Me gustaría ver la carta",
        "userDefined": false
      }
    ],
    "isTemplate": false,
    "count": 0,
    "lang": "es",
    "updated": 0
  },
  {
    "id": "f3f279cf-7411-45f5-810e-d8eb339b6dec",
    "data": [
      {
        "text": "Quiero saber sobre vuestros platos",
        "userDefined": false
      }
    ],
    "isTemplate": false,
    "count": 0,
    "lang": "es",
    "updated": 0
  },
  {
    "id": "0037bc6a-aef9-43ba-9652-0f0187ce29cb",
    "data": [
      {
        "text": "¿Qué menús tenéis?",
        "userDefined": false
      }
    ],
    "isTemplate": false,
    "count": 0,
    "lang": "es",
    "updated": 0
  }
]