[
  {
    "id": "982ce921-e851-49c3-ac9d-e8966b71cfa9",
    "data": [
      {
        "text": "Listo",
        "meta": "@sys.location",
        "alias": "location",
        "userDefined": false
      }
    ],
    "isTemplate": false,
    "count": 0,
    "lang": "es",
    "updated": 0
  },
  {
    "id": "51d05826-e111-46d7-8575-11c157314fe6",
    "data": [
      {
        "text": "Correcto",
        "meta": "@sys.location",
        "alias": "location",
        "userDefined": false
      }
    ],
    "isTemplate": false,
    "count": 0,
    "lang": "es",
    "updated": 0
  },
  {
    "id": "a9edc962-6ed5-41b9-8f42-f312615dbfd9",
    "data": [
      {
        "text": "Confirmar",
        "userDefined": false
      }
    ],
    "isTemplate": false,
    "count": 0,
    "lang": "es",
    "updated": 0
  },
  {
    "id": "c7cd9c9c-cefa-4a37-8324-efc00adac793",
    "data": [
      {
        "text": "Ok",
        "meta": "@sys.person",
        "alias": "person",
        "userDefined": false
      }
    ],
    "isTemplate": false,
    "count": 0,
    "lang": "es",
    "updated": 0
  },
  {
    "id": "9159833a-f826-4e1e-9df9-04f9624fee2e",
    "data": [
      {
        "text": "Si",
        "userDefined": false
      }
    ],
    "isTemplate": false,
    "count": 0,
    "lang": "es",
    "updated": 0
  }
]