[
  {
    "id": "c09693d8-0a23-45fa-b686-e87e77056d35",
    "data": [
      {
        "text": "si",
        "userDefined": false
      }
    ],
    "isTemplate": false,
    "count": 0,
    "lang": "es",
    "updated": 0
  },
  {
    "id": "49b78384-e64f-4c32-84d1-0449b3ce35b3",
    "data": [
      {
        "text": "confirmar",
        "userDefined": false
      }
    ],
    "isTemplate": false,
    "count": 0,
    "lang": "es",
    "updated": 0
  },
  {
    "id": "31b3ee91-07cf-4ed3-889c-e76cd0bbe997",
    "data": [
      {
        "text": "es",
        "meta": "@sys.location",
        "alias": "location",
        "userDefined": false
      },
      {
        "text": " todo",
        "userDefined": false
      }
    ],
    "isTemplate": false,
    "count": 0,
    "lang": "es",
    "updated": 0
  },
  {
    "id": "9e5e6e92-4c53-439a-a1d1-96c69e8f715f",
    "data": [
      {
        "text": "ok",
        "meta": "@sys.person",
        "alias": "person",
        "userDefined": false
      }
    ],
    "isTemplate": false,
    "count": 0,
    "lang": "es",
    "updated": 0
  },
  {
    "id": "389550e0-0bf7-4e76-be8f-4e2abdfe1ba6",
    "data": [
      {
        "text": "terminado",
        "userDefined": false
      }
    ],
    "isTemplate": false,
    "count": 0,
    "lang": "es",
    "updated": 0
  },
  {
    "id": "cf9f0d89-1e01-4857-ba9b-ce517f6eee96",
    "data": [
      {
        "text": "listo",
        "meta": "@sys.location",
        "alias": "location",
        "userDefined": false
      }
    ],
    "isTemplate": false,
    "count": 0,
    "lang": "es",
    "updated": 0
  }
]