[
  {
    "id": "b1788270-39eb-40e2-bfed-9511ac488b34",
    "data": [
      {
        "text": "1",
        "userDefined": false
      }
    ],
    "isTemplate": false,
    "count": 0,
    "lang": "es",
    "updated": 0
  },
  {
    "id": "a2a07b8f-e5fe-4671-bcb7-e1d3b83c2aef",
    "data": [
      {
        "text": "hacer una reserva",
        "userDefined": false
      }
    ],
    "isTemplate": false,
    "count": 0,
    "lang": "es",
    "updated": 0
  },
  {
    "id": "4009412f-7ebe-4b05-abfa-8dce5dc2b05d",
    "data": [
      {
        "text": "Quiero reservar",
        "userDefined": false
      }
    ],
    "isTemplate": false,
    "count": 0,
    "lang": "es",
    "updated": 0
  },
  {
    "id": "e49490c5-14fa-471e-8beb-5887483a5e02",
    "data": [
      {
        "text": "Reservar mesa para ",
        "userDefined": false
      },
      {
        "text": "[número]",
        "meta": "@sys.number",
        "alias": "number",
        "userDefined": true
      },
      {
        "text": " personas",
        "userDefined": false
      }
    ],
    "isTemplate": false,
    "count": 0,
    "lang": "es",
    "updated": 0
  },
  {
    "id": "e3cff75a-43a1-4bbd-9c9f-ad1a60011195",
    "data": [
      {
        "text": "Quiero una reserva para el restaurante",
        "userDefined": false
      }
    ],
    "isTemplate": false,
    "count": 0,
    "lang": "es",
    "updated": 0
  },
  {
    "id": "83b728a0-15bf-4dbc-b1ba-71ad651f184a",
    "data": [
      {
        "text": "Necesito una mesa para cenar",
        "userDefined": false
      }
    ],
    "isTemplate": false,
    "count": 0,
    "lang": "es",
    "updated": 0
  },
  {
    "id": "00f8d0ec-e537-4998-9aa7-a2f596ac180b",
    "data": [
      {
        "text": "Me gustaría hacer una reserva",
        "userDefined": false
      }
    ],
    "isTemplate": false,
    "count": 0,
    "lang": "es",
    "updated": 0
  },
  {
    "id": "929972f3-03d9-40bd-b0b8-0e02e3d55dfd",
    "data": [
      {
        "text": "Reservar",
        "userDefined": false
      }
    ],
    "isTemplate": false,
    "count": 0,
    "lang": "es",
    "updated": 0
  },
  {
    "id": "2dcd0ada-75ab-4d2b-8d7f-1aaaf8f311e8",
    "data": [
      {
        "text": "Quiero reservar una mesa",
        "userDefined": false
      }
    ],
    "isTemplate": false,
    "count": 0,
    "lang": "es",
    "updated": 0
  },
  {
    "id": "47b820b9-6905-46b2-a0c0-0f66e629dba9",
    "data": [
      {
        "text": "Quiero reservar ",
        "userDefined": false
      },
      {
        "text": "esta noche",
        "meta": "@sys.date-time",
        "alias": "date-time",
        "userDefined": false
      }
    ],
    "isTemplate": false,
    "count": 0,
    "lang": "es",
    "updated": 0
  },
  {
    "id": "8f008431-5f1c-49c3-be87-80ebcb86f93b",
    "data": [
      {
        "text": "Reserva mesa",
        "userDefined": false
      }
    ],
    "isTemplate": false,
    "count": 0,
    "lang": "es",
    "updated": 0
  },
  {
    "id": "f32f7289-bd9b-45eb-b2d0-eb532fe03e54",
    "data": [
      {
        "text": "Quiero cenar ahi",
        "userDefined": false
      }
    ],
    "isTemplate": false,
    "count": 0,
    "lang": "es",
    "updated": 0
  },
  {
    "id": "6cdb9bca-8038-456d-b93f-5f4029a54a20",
    "data": [
      {
        "text": "Quiero ",
        "userDefined": false
      },
      {
        "text": "una",
        "meta": "@sys.number",
        "alias": "number",
        "userDefined": false
      },
      {
        "text": " mesa",
        "userDefined": false
      }
    ],
    "isTemplate": false,
    "count": 0,
    "lang": "es",
    "updated": 0
  },
  {
    "id": "9fe67cab-87fd-40cd-adc8-d835de90016b",
    "data": [
      {
        "text": "Quiero hacer ",
        "userDefined": false
      },
      {
        "text": "una",
        "meta": "@sys.number",
        "alias": "number",
        "userDefined": false
      },
      {
        "text": " reserva",
        "userDefined": false
      }
    ],
    "isTemplate": false,
    "count": 0,
    "lang": "es",
    "updated": 0
  }
]