[
  {
    "id": "b2542ac1-553f-48c9-b652-dfd94c846834",
    "data": [
      {
        "text": "Cambio",
        "userDefined": false
      }
    ],
    "isTemplate": false,
    "count": 0,
    "lang": "es",
    "updated": 0
  },
  {
    "id": "3462ddd7-06b0-41a4-b9c6-01d68381891c",
    "data": [
      {
        "text": "Cambiar",
        "userDefined": false
      }
    ],
    "isTemplate": false,
    "count": 0,
    "lang": "es",
    "updated": 0
  },
  {
    "id": "4226dfe6-b350-46d6-a076-cc9b97a3b9d1",
    "data": [
      {
        "text": "No ",
        "userDefined": false
      },
      {
        "text": "es",
        "meta": "@sys.location",
        "alias": "location",
        "userDefined": false
      },
      {
        "text": " correcto",
        "userDefined": false
      }
    ],
    "isTemplate": false,
    "count": 0,
    "lang": "es",
    "updated": 0
  },
  {
    "id": "444a9d13-da99-4be4-8401-1bc14556b7f0",
    "data": [
      {
        "text": "Incorrecto",
        "userDefined": false
      }
    ],
    "isTemplate": false,
    "count": 0,
    "lang": "es",
    "updated": 0
  },
  {
    "id": "a9c842ad-6579-4236-bd03-595ca8e3f9b3",
    "data": [
      {
        "text": "No",
        "userDefined": false
      }
    ],
    "isTemplate": false,
    "count": 0,
    "lang": "es",
    "updated": 0
  }
]